Country,Continent,Cumulative_cases,Cumulative_deaths,India_Region,India_Confirme_Cases,India_Active_Cases,India_Cured_Discharged,India_Death,Vac_Countries,TOTAL_VACCINATION,VACCINES_USED,VACCINES_USED_NAME
Afghanistan,Asia,178332,7676,Andaman and Nicobar Islands,10034,0,9905,129,Afghanistan,5948889,4,"Beijing CNBG - BBIBP-CorV,Janssen - Ad26.COV 2-S,Pfizer BioNTech - Comirnaty,SII - Covishield"
Albania,Europe,274320,3494,Andhra Pradesh,2319617,33,2304854,14730,Albania,2815381,5,"AstraZeneca - Vaxzevria,Gamaleya - Gam-Covid-Vac,Pfizer BioNTech - Comirnaty,SII - Covishield,Sinovac - CoronaVac"
Algeria,Africa,265731,6874,Arunachal Pradesh,64495,8,64191,296,Algeria,0,4,"Beijing CNBG - BBIBP-CorV,Gamaleya - Gam-Covid-Vac,SII - Covishield,Sinovac - CoronaVac"
American Samoa,,5536,18,Assam,724200,1351,716210,6639,American Samoa,97346,3,"Janssen - Ad26.COV 2-S,Moderna - Spikevax,Pfizer BioNTech - Comirnaty"
Andorra,Europe,40709,153,Bihar,830495,8,818231,12256,Andorra,152301,3,"AstraZeneca - Vaxzevria,Moderna - Spikevax,Pfizer BioNTech - Comirnaty"
Angola,Africa,99194,1900,Chandigarh,91951,18,90768,1165,Angola,18756893,1,SII - Covishield
Anguilla,America,2731,9,Chhattisgarh,1152214,32,1138148,14034,Anguilla,23126,2,"AstraZeneca - Vaxzevria,Pfizer BioNTech - Comirnaty"
Antigua and Barbuda,America,7523,135,Dadra and Nagar Haveli and Daman and Diu,11441,0,11437,4,Antigua and Barbuda,135516,6,"AstraZeneca - Vaxzevria,Beijing CNBG - BBIBP-CorV,Gamaleya - Gam-Covid-Vac,Janssen - Ad26.COV 2-S,Pfizer BioNTech - Comirnaty,SII - Covishield"
Argentina,America,9056203,128285,Delhi,1866881,814,1839909,26158,Argentina,97576836,7,"AstraZeneca - Vaxzevria,Beijing CNBG - BBIBP-CorV,CanSino - Convidecia,Gamaleya - Gam-Covid-Vac,Moderna - Spikevax,Pfizer BioNTech - Comirnaty,SII - Covishield"
Armenia,Europe,422721,8621,Goa,245350,18,241500,3832,Armenia,2141957,7,"AstraZeneca - Vaxzevria,Beijing CNBG - BBIBP-CorV,Gamaleya - Gam-Covid-Vac,Moderna - Spikevax,Pfizer BioNTech - Comirnaty,Sinovac - CoronaVac,Wuhan CNBG - Inactivated"
Aruba,America,34264,212,Gujarat,1224116,156,1213018,10942,Aruba,169887,2,"Janssen - Ad26.COV 2-S,Pfizer BioNTech - Comirnaty"
Australia,Oceania,5019012,6648,Haryana,986259,580,975062,10617,Australia,56587064,5,"AstraZeneca - Vaxzevria,Janssen - Ad26.COV 2-S,Moderna - Spikevax,Novavax-NUVAXOVID,Pfizer BioNTech - Comirnaty"
Austria,Europe,4065541,16158,Himachal Pradesh,284660,53,280473,4134,Austria,18216194,4,"AstraZeneca - Vaxzevria,Janssen - Ad26.COV 2-S,Moderna - Spikevax,Pfizer BioNTech - Comirnaty"
Azerbaijan,Europe,792305,9704,Jammu and Kashmir,453909,77,449082,4750,Azerbaijan,13421400,4,"AstraZeneca - Vaxzevria,Gamaleya - Gam-Covid-Vac,Pfizer BioNTech - Comirnaty,Sinovac - CoronaVac"
Bahamas,America,33366,789,Jharkhand,435169,9,429845,5315,Bahamas,335729,4,"AstraZeneca - Vaxzevria,Janssen - Ad26.COV 2-S,Pfizer BioNTech - Comirnaty,SII - Covishield"
Bahrain,Asia,561525,1473,Karnataka,3946176,1480,3904639,40057,Bahrain,3430347,8,"AstraZeneca - Vaxzevria,Beijing CNBG - BBIBP-CorV,Gamaleya - Gam-Covid-Vac,Gamaleya - Sputnik-Light,Janssen - Ad26.COV 2-S,Moderna - Spikevax,Pfizer BioNTech - Comirnaty,SII - Covishield"
Bangladesh,Asia,1952197,29124,Kerala,6536421,2982,6465037,68402,Bangladesh,254509409,8,"AstraZeneca - Vaxzevria,Beijing CNBG - BBIBP-CorV,Gamaleya - Gam-Covid-Vac,Janssen - Ad26.COV 2-S,Moderna - Spikevax,Pfizer BioNTech - Comirnaty,SII - Covishield,Sinovac - CoronaVac"
Barbados,America,62968,379,Ladakh,28238,13,27997,228,Barbados,361133,5,"AstraZeneca - Vaxzevria,Beijing CNBG - BBIBP-CorV,Janssen - Ad26.COV 2-S,Pfizer BioNTech - Comirnaty,SII - Covishield"
Belarus,Europe,971649,6885,Lakshadweep,11402,0,11350,52,Belarus,11778178,2,"Beijing CNBG - BBIBP-CorV,Gamaleya - Gam-Covid-Vac"
Belgium,Europe,3943831,31079,Madhya Pradesh,1041222,46,1030441,10735,Belgium,25267553,4,"AstraZeneca - Vaxzevria,Janssen - Ad26.COV 2-S,Moderna - Spikevax,Pfizer BioNTech - Comirnaty"
Belize,America,57314,672,Maharashtra,7875448,724,7726903,147821,Belize,471049,5,"AstraZeneca - Vaxzevria,Beijing CNBG - BBIBP-CorV,Janssen - Ad26.COV 2-S,Pfizer BioNTech - Comirnaty,SII - Covishield"
Benin,Africa,26605,163,Manipur,137169,38,135011,2120,Benin,3112919,5,"AstraZeneca - Vaxzevria,Janssen - Ad26.COV 2-S,Pfizer BioNTech - Comirnaty,SII - Covishield,Sinovac - CoronaVac"
Bermuda,America,12864,130,Meghalaya,93786,7,92186,1593,Bermuda,131184,2,"AstraZeneca - Vaxzevria,Pfizer BioNTech - Comirnaty"
Bhutan,Asia,49066,15,Mizoram,225901,683,224529,689,Bhutan,1888156,5,"AstraZeneca - Vaxzevria,Beijing CNBG - BBIBP-CorV,Moderna - Spikevax,Pfizer BioNTech - Comirnaty,SII - Covishield"
Bolivia (Plurinational State of),America,903584,21899,Nagaland,35487,12,34716,759,Bolivia (Plurinational State of),13399388,6,"Beijing CNBG - BBIBP-CorV,Gamaleya - Gam-Covid-Vac,Janssen - Ad26.COV 2-S,Moderna - Spikevax,Pfizer BioNTech - Comirnaty,SII - Covishield"
Bonaire,America,7663,28,Odisha,1287874,183,1278569,9122,Bonaire,33217,0,SII - Covishield
Bosnia and Herzegovina,Europe,376339,15744,Puducherry,165776,2,163812,1962,"Bonaire, Sint Eustatius and Saba",7391,2,"Moderna - Spikevax,Pfizer BioNTech - Comirnaty"
Botswana,Africa,305844,2687,Punjab,759223,55,741425,17743,Bosnia and Herzegovina,1924950,4,"AstraZeneca - AZD1222, Pfizer BioNTech - Comirnaty, Sinovac - CoronaVac, Gamaleya - Sputnik V"
Brazil,America,30183929,661493,Rajasthan,1283141,83,1273506,9552,Botswana,2517260,6,"Bharat - Covaxin,Janssen - Ad26.COV 2-S,Moderna - Spikevax,Pfizer BioNTech - Comirnaty,SII - Covishield,Sinovac - CoronaVac"
British Virgin Islands,America,6162,62,Sikkim,39144,1,38691,452,Brazil,407798554,5,"AstraZeneca - Vaxzevria,Janssen - Ad26.COV 2-S,Pfizer BioNTech - Comirnaty,SII - Covishield,Sinovac - CoronaVac"
Brunei Darussalam,Asia,139278,157,Tamil Nadu,3453163,228,3414910,38025,British Virgin Islands,40697,2,"AstraZeneca - Vaxzevria,Janssen - Ad26.COV 2-S"
Bulgaria,Europe,1147812,36756,Telangana,791561,233,787217,4111,Brunei Darussalam,1084543,5,"AstraZeneca - Vaxzevria,Beijing CNBG - BBIBP-CorV,Janssen - Ad26.COV 2-S,Moderna - Spikevax,Pfizer BioNTech - Comirnaty"
Burkina Faso,Africa,20865,383,Tripura,100878,0,99956,922,Bulgaria,4363076,4,"AstraZeneca - Vaxzevria,Janssen - Ad26.COV 2-S,Moderna - Spikevax,Pfizer BioNTech - Comirnaty"
Burundi,Africa,38722,15,Uttar Pradesh,2071186,307,2047380,23499,Burkina Faso,2440917,3,"Beijing CNBG - BBIBP-CorV,Janssen - Ad26.COV 2-S,SII - Covishield"
Cabo Verde,,55978,401,Uttarakhand,437303,424,429187,7692,Burundi,11083,1,Beijing CNBG - BBIBP-CorV
Cambodia,Asia,135998,3055,West Bengal,2017733,400,1996133,21200,Cabo Verde,728077,4,"Beijing CNBG - BBIBP-CorV,Moderna - Spikevax,Pfizer BioNTech - Comirnaty,SII - Covishield"
Cameroon,Africa,119544,1927,,0,0,0,0,Cambodia,37123822,7,"AstraZeneca - Vaxzevria,Beijing CNBG - BBIBP-CorV,Janssen - Ad26.COV 2-S,Moderna - Spikevax,Pfizer BioNTech - Comirnaty,SII - Covishield,Sinovac - CoronaVac"
Canada,America,3590820,38095,,0,0,0,0,Cameroon,1820196,4,"Beijing CNBG - BBIBP-CorV,Janssen - Ad26.COV 2-S,Pfizer BioNTech - Comirnaty,SII - Covishield"
Cayman Islands,America,21121,25,,0,0,0,0,Canada,81549238,5,"AstraZeneca - Vaxzevria,Janssen - Ad26.COV 2-S,Moderna - Spikevax,Pfizer BioNTech - Comirnaty,SII - Covishield"
Central African Republic,Africa,14354,113,,0,0,0,0,Cayman Islands,142198,1,Pfizer BioNTech - Comirnaty
Chad,Africa,7378,192,,0,0,0,0,Central African Republic,0,2,"Bharat - Covaxin,SII - Covishield"
Chile,America,3518800,57098,,0,0,0,0,Chad,2291152,1,Beijing CNBG - BBIBP-CorV
China,Asia,954346,14440,,0,0,0,0,Chile,51427093,4,"AstraZeneca - Vaxzevria,CanSino - Convidecia,Pfizer BioNTech - Comirnaty,Sinovac - CoronaVac"
Colombia,America,6088619,139729,,0,0,0,0,China,329352619,8,"Anhui ZL - Zifivax,Beijing CNBG - BBIBP-CorV,CanSino - Convidecia,IMB - Covidful,Pfizer BioNTech - Comirnaty,Shenzhen - LV-SMENP-DC,Sinovac - CoronaVac,Wuhan CNBG - Inactivated"
Comoros,Africa,8100,160,,0,0,0,0,Colombia,81700313,5,"AstraZeneca - Vaxzevria,Janssen - Ad26.COV 2-S,Moderna - Spikevax,Pfizer BioNTech - Comirnaty,Sinovac - CoronaVac"
Congo,Africa,24028,385,,0,0,0,0,Comoros,637961,3,"Beijing CNBG - BBIBP-CorV,Bharat - Covaxin,SII - Covishield"
Cook Islands,,3688,0,,0,0,0,0,Congo,0,4,"Beijing CNBG - BBIBP-CorV,Gamaleya - Gam-Covid-Vac,Moderna - Spikevax,SII - Covishield"
Costa Rica,America,844892,8357,,0,0,0,0,Cook Islands,39686,1,Pfizer BioNTech - Comirnaty
Côte d’Ivoire,Africa,81838,797,,0,0,0,0,Costa Rica,10440011,3,"AstraZeneca - Vaxzevria,Moderna - Spikevax,Pfizer BioNTech - Comirnaty"
Croatia,Europe,1110989,15707,,0,0,0,0,Côte d’Ivoire,11872480,5,"Beijing CNBG - BBIBP-CorV,Gamaleya - Gam-Covid-Vac,Janssen - Ad26.COV 2-S,Pfizer BioNTech - Comirnaty,SII - Covishield"
Cuba,America,1098114,8519,,0,0,0,0,Croatia,5233136,4,"AstraZeneca - Vaxzevria,Janssen - Ad26.COV 2-S,Moderna - Spikevax,Pfizer BioNTech - Comirnaty"
Curaçao,America,41306,271,,0,0,0,0,Cuba,35568988,3,"CIGB - CIGB-66,Finlay - Soberana Plus,Finlay - Soberana-02"
Cyprus,Europe,462783,984,,0,0,0,0,Curaçao,248376,3,"AstraZeneca - Vaxzevria,Moderna - Spikevax,Pfizer BioNTech - Comirnaty"
Czechia,Europe,3875994,39945,,0,0,0,0,Cyprus,1755104,4,"AstraZeneca - Vaxzevria,Janssen - Ad26.COV 2-S,Moderna - Spikevax,Pfizer BioNTech - Comirnaty"
Democratic People's Republic of Korea,,0,0,,0,0,0,0,Czechia,17517542,4,"AstraZeneca - Vaxzevria,Janssen - Ad26.COV 2-S,Moderna - Spikevax,Pfizer BioNTech - Comirnaty"
Democratic Republic of the Congo,Africa,87023,1337,,0,0,0,0,Democratic Republic of the Congo,881240,1,SII - Covishield
Denmark,Europe,3091899,5945,,0,0,0,0,Denmark,13198259,4,"AstraZeneca - Vaxzevria,Janssen - Ad26.COV 2-S,Moderna - Spikevax,Pfizer BioNTech - Comirnaty"
Djibouti,Africa,15598,189,,0,0,0,0,Djibouti,174640,6,"Beijing CNBG - BBIBP-CorV,Gamaleya - Gam-Covid-Vac,Janssen - Ad26.COV 2-S,Pfizer BioNTech - Comirnaty,SII - Covishield,Sinovac - CoronaVac"
Dominica,America,11981,63,,0,0,0,0,Dominica,66321,4,"AstraZeneca - Vaxzevria,Beijing CNBG - BBIBP-CorV,Pfizer BioNTech - Comirnaty,SII - Covishield"
Dominican Republic,America,578663,4375,,0,0,0,0,Dominican Republic,15468632,3,"AstraZeneca - Vaxzevria,SII - Covishield,Sinovac - CoronaVac"
Ecuador,America,865585,35513,,0,0,0,0,Ecuador,33878520,4,"AstraZeneca - Vaxzevria,CanSino - Convidecia,Pfizer BioNTech - Comirnaty,Sinovac - CoronaVac"
Egypt,Africa,511977,24522,,0,0,0,0,Egypt,80130948,6,"AstraZeneca - Vaxzevria,Beijing CNBG - BBIBP-CorV,Gamaleya - Gam-Covid-Vac,Janssen - Ad26.COV 2-S,Pfizer BioNTech - Comirnaty,Sinovac - CoronaVac"
El Salvador,America,162089,4124,,0,0,0,0,El Salvador,10513713,6,"AstraZeneca - Vaxzevria,Beijing CNBG - BBIBP-CorV,Moderna - Spikevax,Pfizer BioNTech - Comirnaty,SII - Covishield,Sinovac - CoronaVac"
Equatorial Guinea,Africa,15906,183,,0,0,0,0,Equatorial Guinea,467504,2,"Beijing CNBG - BBIBP-CorV,Sinovac - CoronaVac"
Eritrea,Africa,9733,103,,0,0,0,0,Estonia,2059566,4,"AstraZeneca - Vaxzevria,Janssen - Ad26.COV 2-S,Moderna - Spikevax,Pfizer BioNTech - Comirnaty"
Estonia,Europe,566467,2505,,0,0,0,0,Eswatini,509424,3,"Janssen - Ad26.COV 2-S,Pfizer BioNTech - Comirnaty,SII - Covishield"
Eswatini,Africa,70048,1395,,0,0,0,0,Ethiopia,29411822,4,"Beijing CNBG - BBIBP-CorV,Bharat - Covaxin,Janssen - Ad26.COV 2-S,SII - Covishield"
Ethiopia,Africa,470151,7509,,0,0,0,0,Falkland Islands (Malvinas),4407,1,AstraZeneca - AZD1222
Falkland Islands (Malvinas),America,131,0,,0,0,0,0,Faroe Islands,103894,2,"Moderna - mRNA-1273, Pfizer BioNTech - Comirnaty"
Faroe Islands,Europe,34658,28,,0,0,0,0,Fiji,1428275,3,"AstraZeneca - Vaxzevria,Moderna - Spikevax,SII - Covishield"
Fiji,Oceania,64502,862,,0,0,0,0,Finland,11726962,4,"AstraZeneca - Vaxzevria,Janssen - Ad26.COV 2-S,Moderna - Spikevax,Pfizer BioNTech - Comirnaty"
Finland,Europe,949583,3517,,0,0,0,0,France,155294157,4,"AstraZeneca - Vaxzevria,Janssen - Ad26.COV 2-S,Moderna - Spikevax,Pfizer BioNTech - Comirnaty"
France,Europe,26525319,140558,,0,0,0,0,French Guiana,226029,2,"Moderna - Spikevax,Pfizer BioNTech - Comirnaty"
French Guiana,,79529,394,,0,0,0,0,French Polynesia,0,2,"Janssen - Ad26.COV 2-S,Pfizer BioNTech - Comirnaty"
French Polynesia,Oceania,72596,648,,0,0,0,0,Gabon,550042,3,"Beijing CNBG - BBIBP-CorV,Gamaleya - Gam-Covid-Vac,Pfizer BioNTech - Comirnaty"
Gabon,Africa,47591,303,,0,0,0,0,Gambia,363353,2,"Beijing CNBG - BBIBP-CorV,SII - Covishield"
Gambia,Africa,11994,365,,0,0,0,0,Georgia,2651941,4,"AstraZeneca - Vaxzevria,Beijing CNBG - BBIBP-CorV,Pfizer BioNTech - Comirnaty,Sinovac - CoronaVac"
Georgia,Europe,1652472,16783,,0,0,0,0,Germany,172399839,4,"AstraZeneca - Vaxzevria,Janssen - Ad26.COV 2-S,Moderna - Spikevax,Pfizer BioNTech - Comirnaty"
Germany,Europe,23182447,132688,,0,0,0,0,Ghana,0,2,"Gamaleya - Gam-Covid-Vac,SII - Covishield"
Ghana,Africa,161086,1445,,0,0,0,0,Gibraltar,119578,2,"AstraZeneca - AZD1222, Pfizer BioNTech - Comirnaty"
Gibraltar,Europe,17236,101,,0,0,0,0,Greece,20712225,4,"AstraZeneca - Vaxzevria,Janssen - Ad26.COV 2-S,Moderna - Spikevax,Pfizer BioNTech - Comirnaty"
Greece,Europe,3206948,28344,,0,0,0,0,Greenland,79745,1,Moderna - mRNA-1273
Greenland,America,11971,21,,0,0,0,0,Grenada,87590,4,"AstraZeneca - Vaxzevria,Janssen - Ad26.COV 2-S,Pfizer BioNTech - Comirnaty,SII - Covishield"
Grenada,America,14092,219,,0,0,0,0,Guadeloupe,371502,6,"AstraZeneca - Vaxzevria,Janssen - Ad26.COV 2-S,Moderna - Spikevax,Pfizer BioNTech - Comirnaty"
Guadeloupe,,142573,940,,0,0,0,0,Guam,334957,3,"Janssen - Ad26.COV 2-S,Moderna - Spikevax,Pfizer BioNTech - Comirnaty"
Guam,Oceania,40053,352,,0,0,0,0,Guatemala,16674518,5,"AstraZeneca - Vaxzevria,Gamaleya - Gam-Covid-Vac,Moderna - Spikevax,Pfizer BioNTech - Comirnaty,SII - Covishield"
Guatemala,America,836234,17400,,0,0,0,0,Guernsey,150724,3,"Moderna - mRNA-1273, AstraZeneca - AZD1222, Pfizer BioNTech - Comirnaty"
Guernsey,Europe,23684,43,,0,0,0,0,Guinea,5952680,6,"Beijing CNBG - BBIBP-CorV,Gamaleya - Gam-Covid-Vac,Janssen - Ad26.COV 2-S,Pfizer BioNTech - Comirnaty,SII - Covishield,Sinovac - CoronaVac"
Guinea,Africa,36502,440,,0,0,0,0,Guinea-Bissau,93,2,"Beijing CNBG - BBIBP-CorV,SII - Covishield"
Guinea-Bissau,Africa,8175,170,,0,0,0,0,Guyana,897109,7,"AstraZeneca - Vaxzevria,Beijing CNBG - BBIBP-CorV,Gamaleya - Gam-Covid-Vac,Janssen - Ad26.COV 2-S,Moderna - Spikevax,Pfizer BioNTech - Comirnaty,SII - Covishield"
Guyana,America,63340,1226,,0,0,0,0,Haiti,267133,2,"Janssen - Ad26.COV 2-S,Moderna - Spikevax"
Haiti,America,30586,835,,0,0,0,0,Honduras,12118425,6,"AstraZeneca - Vaxzevria,Gamaleya - Gam-Covid-Vac,Janssen - Ad26.COV 2-S,Moderna - Spikevax,Pfizer BioNTech - Comirnaty,SII - Covishield"
Holy See,Europe,26,0,,0,0,0,0,Hungary,16339709,7,"AstraZeneca - Vaxzevria,Beijing CNBG - BBIBP-CorV,Gamaleya - Gam-Covid-Vac,Janssen - Ad26.COV 2-S,Moderna - Spikevax,Pfizer BioNTech - Comirnaty,Sinovac - CoronaVac"
Honduras,America,421268,10888,,0,0,0,0,Iceland,797004,4,"AstraZeneca - Vaxzevria,Janssen - Ad26.COV 2-S,Moderna - Spikevax,Pfizer BioNTech - Comirnaty"
Hungary,Europe,1879480,45856,,0,0,0,0,India,186052433,6,"Bharat - Covaxin,Gamaleya - Gam-Covid-Vac,Janssen - Ad26.COV 2-S,Moderna - Spikevax,SII - Covishield,Zydus - ZyCov-D"
Iceland,Europe,183974,110,,0,0,0,0,Indonesia,387424190,7,"AstraZeneca - Vaxzevria,Beijing CNBG - BBIBP-CorV,Janssen - Ad26.COV 2-S,Moderna - Spikevax,Novavax-NUVAXOVID,Pfizer BioNTech - Comirnaty,Sinovac - CoronaVac"
India,Asia,43039023,521737,,0,0,0,0,Iran (Islamic Republic of),147059668,6,"AstraZeneca - Vaxzevria,Beijing CNBG - BBIBP-CorV,Bharat - Covaxin,Finlay - Soberana-02,Gamaleya - Gam-Covid-Vac,Shifa - COVIran Barakat"
Indonesia,Asia,6037742,155794,,0,0,0,0,Iraq,17943392,4,"AstraZeneca - Vaxzevria,Beijing CNBG - BBIBP-CorV,Gamaleya - Gam-Covid-Vac,Pfizer BioNTech - Comirnaty"
Iran (Islamic Republic of),Asia,7199861,140711,,0,0,0,0,Ireland,10732106,4,"AstraZeneca - Vaxzevria,Janssen - Ad26.COV 2-S,Moderna - Spikevax,Pfizer BioNTech - Comirnaty"
Iraq,Asia,2322551,25188,,0,0,0,0,Isle of Man,189681,3,"Moderna - mRNA-1273, AstraZeneca - AZD1222, Pfizer BioNTech - Comirnaty"
Ireland,Europe,1496910,6919,,0,0,0,0,Israel,14240684,3,"AstraZeneca - Vaxzevria,Moderna - Spikevax,Pfizer BioNTech - Comirnaty"
Isle of Man,Europe,30169,87,,0,0,0,0,Italy,135066130,4,"AstraZeneca - Vaxzevria,Janssen - Ad26.COV 2-S,Moderna - Spikevax,Pfizer BioNTech - Comirnaty"
Israel,Asia,4018872,10601,,0,0,0,0,Jamaica,1406771,5,"AstraZeneca - Vaxzevria,Beijing CNBG - BBIBP-CorV,Janssen - Ad26.COV 2-S,Pfizer BioNTech - Comirnaty,SII - Covishield"
Italy,Europe,15467395,161187,,0,0,0,0,Japan,259734137,4,"AstraZeneca - Vaxzevria,Moderna - Spikevax,Novavax-NUVAXOVID,Pfizer BioNTech - Comirnaty"
Jamaica,America,129108,2919,,0,0,0,0,Jersey,230177,3,"Moderna - mRNA-1273, AstraZeneca - AZD1222, Pfizer BioNTech - Comirnaty"
Japan,Asia,7180734,28825,,0,0,0,0,Jordan,9874355,6,"AstraZeneca - Vaxzevria,Beijing CNBG - BBIBP-CorV,Gamaleya - Gam-Covid-Vac,Janssen - Ad26.COV 2-S,Moderna - Spikevax,Pfizer BioNTech - Comirnaty"
Jersey,Europe,48529,121,,0,0,0,0,Kazakhstan,23749109,5,"Beijing CNBG - BBIBP-CorV,Gamaleya - Gam-Covid-Vac,Pfizer BioNTech - Comirnaty,RIBSP - QazVac,Sinovac - CoronaVac"
Jordan,Asia,1694957,14055,,0,0,0,0,Kenya,17734375,5,"Beijing CNBG - BBIBP-CorV,Janssen - Ad26.COV 2-S,Moderna - Spikevax,Pfizer BioNTech - Comirnaty,SII - Covishield"
Kazakhstan,Asia,1394143,19013,,0,0,0,0,Kiribati,136758,2,"AstraZeneca - Vaxzevria,Beijing CNBG - BBIBP-CorV"
Kenya,Africa,323588,5649,,0,0,0,0,Kosovo,1871106,2,"AstraZeneca - AZD1222, Pfizer BioNTech - Comirnaty"
Kiribati,,3069,13,,0,0,0,0,Kuwait,7939118,5,"AstraZeneca - Vaxzevria,Beijing CNBG - BBIBP-CorV,Janssen - Ad26.COV 2-S,Moderna - Spikevax,Pfizer BioNTech - Comirnaty"
Kosovo,Europe,227746,3128,,0,0,0,0,Kyrgyzstan,2721035,6,"AstraZeneca - Vaxzevria,Beijing CNBG - BBIBP-CorV,Gamaleya - Gam-Covid-Vac,Moderna - Spikevax,Pfizer BioNTech - Comirnaty,RIBSP - QazVac"
Kuwait,Asia,630641,2555,,0,0,0,0,Lao People's Democratic Republic,10527679,8,"AstraZeneca - Vaxzevria,Beijing CNBG - BBIBP-CorV,Gamaleya - Gam-Covid-Vac,Gamaleya - Sputnik-Light,Janssen - Ad26.COV 2-S,Pfizer BioNTech - Comirnaty,SII - Covishield,Sinovac - CoronaVac"
Kyrgyzstan,Asia,200973,2991,,0,0,0,0,Latvia,2811093,4,"AstraZeneca - Vaxzevria,Janssen - Ad26.COV 2-S,Moderna - Spikevax,Pfizer BioNTech - Comirnaty"
Lao People's Democratic Republic,,198346,707,,0,0,0,0,Lebanon,5594324,4,"AstraZeneca - Vaxzevria,Beijing CNBG - BBIBP-CorV,Gamaleya - Gam-Covid-Vac,Pfizer BioNTech - Comirnaty"
Latvia,Europe,811056,5680,,0,0,0,0,Lesotho,905438,3,"Beijing CNBG - BBIBP-CorV,Janssen - Ad26.COV 2-S,SII - Covishield"
Lebanon,Asia,1095099,10352,,0,0,0,0,Liberia,1208041,1,SII - Covishield
Lesotho,Africa,32968,697,,0,0,0,0,Libya,3451352,7,"AstraZeneca - Vaxzevria,Beijing CNBG - BBIBP-CorV,Gamaleya - Gam-Covid-Vac,Janssen - Ad26.COV 2-S,Moderna - Spikevax,Pfizer BioNTech - Comirnaty,Sinovac - CoronaVac"
Liberia,Africa,7402,294,,0,0,0,0,Liechtenstein,71104,3,"Janssen - Ad26.COV 2-S,Moderna - Spikevax,Pfizer BioNTech - Comirnaty"
Libya,Africa,501834,6429,,0,0,0,0,Lithuania,4458993,4,"AstraZeneca - Vaxzevria,Janssen - Ad26.COV 2-S,Moderna - Spikevax,Pfizer BioNTech - Comirnaty"
Liechtenstein,Europe,16818,82,,0,0,0,0,Luxembourg,1251437,4,"AstraZeneca - Vaxzevria,Janssen - Ad26.COV 2-S,Moderna - Spikevax,Pfizer BioNTech - Comirnaty"
Lithuania,Europe,1046395,8997,,0,0,0,0,Madagascar,1306962,3,"Beijing CNBG - BBIBP-CorV,Janssen - Ad26.COV 2-S,SII - Covishield"
Luxembourg,Europe,227528,1052,,0,0,0,0,Malawi,1993981,2,"Janssen - Ad26.COV 2-S,SII - Covishield"
Madagascar,Africa,64089,1390,,0,0,0,0,Malaysia,68946956,8,"AstraZeneca - Vaxzevria,Beijing CNBG - BBIBP-CorV,CanSino - Convidecia,Gamaleya - Gam-Covid-Vac,Janssen - Ad26.COV 2-S,Moderna - Spikevax,Pfizer BioNTech - Comirnaty,Sinovac - CoronaVac"
Malawi,Africa,85713,2628,,0,0,0,0,Maldives,937148,8,"AstraZeneca - Vaxzevria,Beijing CNBG - BBIBP-CorV,Gamaleya - Gam-Covid-Vac,Janssen - Ad26.COV 2-S,Moderna - Spikevax,Pfizer BioNTech - Comirnaty,SII - Covishield,Sinovac - CoronaVac"
Malaysia,Asia,4352611,35363,,0,0,0,0,Mali,1941434,1,SII - Covishield
Maldives,Asia,178320,298,,0,0,0,0,Malta,1206531,4,"AstraZeneca - Vaxzevria,Janssen - Ad26.COV 2-S,Moderna - Spikevax,Pfizer BioNTech - Comirnaty"
Mali,Africa,30602,729,,0,0,0,0,Marshall Islands,57421,3,"Janssen - Ad26.COV 2-S,Moderna - Spikevax,Pfizer BioNTech - Comirnaty"
Malta,Europe,87441,669,,0,0,0,0,Martinique,377634,1,Pfizer BioNTech - Comirnaty
Marshall Islands,Oceania,4,0,,0,0,0,0,Mauritania,2118211,2,"Beijing CNBG - BBIBP-CorV,SII - Covishield"
Martinique,,148332,918,,0,0,0,0,Mauritius,2494317,3,"Beijing CNBG - BBIBP-CorV,Bharat - Covaxin,SII - Covishield"
Mauritania,Africa,58679,982,,0,0,0,0,Mexico,194095557,7,"AstraZeneca - Vaxzevria,CanSino - Convidecia,Gamaleya - Gam-Covid-Vac,Janssen - Ad26.COV 2-S,Moderna - Spikevax,Pfizer BioNTech - Comirnaty,Sinovac - CoronaVac"
Mauritius,Africa,218229,990,,0,0,0,0,Micronesia (Federated States of),110099,4,"AstraZeneca - Vaxzevria,Janssen - Ad26.COV 2-S,Moderna - Spikevax,Pfizer BioNTech - Comirnaty"
Mayotte,,36958,187,,0,0,0,0,Monaco,65140,1,Pfizer BioNTech - Comirnaty
Mexico,America,5723862,323805,,0,0,0,0,Mongolia,5596880,6,"AstraZeneca - Vaxzevria,Beijing CNBG - BBIBP-CorV,Gamaleya - Gam-Covid-Vac,Moderna - Spikevax,Pfizer BioNTech - Comirnaty,SII - Covishield"
Micronesia (Federated States of),Oceania,0,0,,0,0,0,0,Montenegro,528291,4,"AstraZeneca - Vaxzevria,Beijing CNBG - BBIBP-CorV,Gamaleya - Gam-Covid-Vac,Pfizer BioNTech - Comirnaty"
Monaco,Europe,11299,56,,0,0,0,0,Montserrat,4229,1,AstraZeneca - Vaxzevria
Mongolia,Asia,920119,2108,,0,0,0,0,Morocco,54379321,5,"AstraZeneca - Vaxzevria,Beijing CNBG - BBIBP-CorV,Gamaleya - Gam-Covid-Vac,Janssen - Ad26.COV 2-S,Pfizer BioNTech - Comirnaty"
Montenegro,Europe,233901,2708,,0,0,0,0,Mozambique,9881136,3,"Beijing CNBG - BBIBP-CorV,Janssen - Ad26.COV 2-S,SII - Covishield"
Montserrat,America,176,2,,0,0,0,0,Myanmar,51530066,2,"Beijing CNBG - BBIBP-CorV,SII - Covishield"
Morocco,Africa,1164189,16061,,0,0,0,0,Namibia,834756,4,"Beijing CNBG - BBIBP-CorV,Janssen - Ad26.COV 2-S,Pfizer BioNTech - Comirnaty,SII - Covishield"
Mozambique,Africa,225304,2200,,0,0,0,0,Nauru,22976,2,"AstraZeneca - Vaxzevria,SII - Covishield"
Myanmar,Asia,612480,19434,,0,0,0,0,Nepal,43757928,8,"AstraZeneca - Vaxzevria,Beijing CNBG - BBIBP-CorV,Bharat - Covaxin,Gamaleya - Gam-Covid-Vac,Janssen - Ad26.COV 2-S,Moderna - Spikevax,Pfizer BioNTech - Comirnaty,SII - Covishield"
Namibia,Africa,157914,4021,,0,0,0,0,Netherlands,35587410,4,"AstraZeneca - Vaxzevria,Janssen - Ad26.COV 2-S,Moderna - Spikevax,Pfizer BioNTech - Comirnaty"
Nauru,,3,0,,0,0,0,0,New Caledonia,458085,2,"Janssen - Ad26.COV 2-S,Pfizer BioNTech - Comirnaty"
Nepal,Asia,978634,11951,,0,0,0,0,New Zealand,10992499,4,"AstraZeneca - Vaxzevria,Janssen - Ad26.COV 2-S,Novavax-NUVAXOVID,Pfizer BioNTech - Comirnaty"
Netherlands,Europe,8006753,22138,,0,0,0,0,Nicaragua,10003541,9,"AstraZeneca - Vaxzevria,CIGB - CIGB-66,Finlay - Soberana Plus,Finlay - Soberana-02,Gamaleya - Gam-Covid-Vac,Gamaleya - Sputnik-Light,Janssen - Ad26.COV 2-S,Pfizer BioNTech - Comirnaty,SII - Covishield"
New Caledonia,Oceania,60521,312,,0,0,0,0,Niger,2689995,2,"Beijing CNBG - BBIBP-CorV,SII - Covishield"
New Zealand,Oceania,803269,514,,0,0,0,0,Nigeria,33932163,1,SII - Covishield
Nicaragua,America,14339,232,,0,0,0,0,Niue,4161,1,Pfizer BioNTech - Comirnaty
Niger,Africa,8846,308,,0,0,0,0,North Macedonia,1843955,6,"AstraZeneca - Vaxzevria,Beijing CNBG - BBIBP-CorV,Gamaleya - Gam-Covid-Vac,Pfizer BioNTech - Comirnaty,Sinovac - CoronaVac,Wuhan CNBG - Inactivated"
Nigeria,Africa,255633,3142,,0,0,0,0,Northern Mariana Islands (Commonwealth of the),0,3,"Janssen - Ad26.COV 2-S,Moderna - Spikevax,Pfizer BioNTech - Comirnaty"
Niue,,7,0,,0,0,0,0,Norway,11278521,4,"AstraZeneca - Vaxzevria,Janssen - Ad26.COV 2-S,Moderna - Spikevax,Pfizer BioNTech - Comirnaty"
North Macedonia,Europe,308152,9256,,0,0,0,0,occupied Palestinian territory,3716803,8,"AstraZeneca - Vaxzevria,Beijing CNBG - BBIBP-CorV,Gamaleya - Gam-Covid-Vac,Gamaleya - Sputnik-Light,Janssen - Ad26.COV 2-S,Moderna - Spikevax,Pfizer BioNTech - Comirnaty,Sinovac - CoronaVac"
Northern Mariana Islands (Commonwealth of the),Oceania,11203,34,,0,0,0,0,Oman,7030077,5,"AstraZeneca - Vaxzevria,Gamaleya - Gam-Covid-Vac,Pfizer BioNTech - Comirnaty,SII - Covishield,Sinovac - CoronaVac"
Norway,Europe,1417630,2783,,0,0,0,0,Pakistan,251063642,8,"Beijing CNBG - BBIBP-CorV,Bharat - Covaxin,CanSino - Convidecia,Gamaleya - Gam-Covid-Vac,Moderna - Spikevax,Pfizer BioNTech - Comirnaty,SII - Covishield,Sinovac - CoronaVac"
"occupied Palestinian territory, including east Jerusalem",,656617,5656,,0,0,0,0,Palau,46724,3,"Janssen - Ad26.COV 2-S,Moderna - Spikevax,Pfizer BioNTech - Comirnaty"
Oman,Asia,388763,4257,,0,0,0,0,Panama,7995825,2,"AstraZeneca - Vaxzevria,Pfizer BioNTech - Comirnaty"
Other,,764,13,,0,0,0,0,Papua New Guinea,422817,4,"AstraZeneca - Vaxzevria,Beijing CNBG - BBIBP-CorV,Janssen - Ad26.COV 2-S,SII - Covishield"
Pakistan,Asia,1526829,30362,,0,0,0,0,Paraguay,8546702,8,"AstraZeneca - Vaxzevria,Beijing CNBG - BBIBP-CorV,Bharat - Covaxin,Gamaleya - Gam-Covid-Vac,Julphar - Hayat-Vax,Moderna - Spikevax,Pfizer BioNTech - Comirnaty,Sinovac - CoronaVac"
Palau,,4122,6,,0,0,0,0,Peru,69970277,3,"AstraZeneca - Vaxzevria,Beijing CNBG - BBIBP-CorV,Pfizer BioNTech - Comirnaty"
Panama,America,767438,8178,,0,0,0,0,Philippines,143751270,11,"AstraZeneca - Vaxzevria,Beijing CNBG - BBIBP-CorV,Bharat - Covaxin,Gamaleya - Gam-Covid-Vac,Gamaleya - Sputnik-Light,Janssen - Ad26.COV 2-S,Julphar - Hayat-Vax,Moderna - Spikevax,Novavax-NUVAXOVID,Pfizer BioNTech - Comirnaty,Sinovac - CoronaVac"
Papua New Guinea,Oceania,43636,649,,0,0,0,0,Pitcairn Islands,106,1,AstraZeneca - Vaxzevria
Paraguay,America,648446,18734,,0,0,0,0,Poland,54165921,4,"AstraZeneca - Vaxzevria,Janssen - Ad26.COV 2-S,Moderna - Spikevax,Pfizer BioNTech - Comirnaty"
Peru,America,3552467,212528,,0,0,0,0,Portugal,23730626,6,"AstraZeneca - Vaxzevria,Beijing CNBG - BBIBP-CorV,Janssen - Ad26.COV 2-S,Moderna - Spikevax,Pfizer BioNTech - Comirnaty,Sinovac - CoronaVac"
Philippines,Asia,3682083,59891,,0,0,0,0,Puerto Rico,7083235,3,"Janssen - Ad26.COV 2-S,Moderna - Spikevax,Pfizer BioNTech - Comirnaty"
Pitcairn Islands,,0,0,,0,0,0,0,Qatar,6694215,4,"AstraZeneca - Vaxzevria,Janssen - Ad26.COV 2-S,Moderna - Spikevax,Pfizer BioNTech - Comirnaty"
Poland,Europe,5982664,115775,,0,0,0,0,Republic of Korea,120600744,5,"AstraZeneca - Vaxzevria,Janssen - Ad26.COV 2-S,Moderna - Spikevax,Novavax-NUVAXOVID,Pfizer BioNTech - Comirnaty"
Portugal,Europe,3697617,21964,,0,0,0,0,Republic of Moldova,2154271,7,"AstraZeneca - Vaxzevria,Beijing CNBG - BBIBP-CorV,Gamaleya - Gam-Covid-Vac,Janssen - Ad26.COV 2-S,Moderna - Spikevax,Pfizer BioNTech - Comirnaty,Sinovac - CoronaVac"
Puerto Rico,America,489219,4182,,0,0,0,0,Romania,15976953,4,"AstraZeneca - Vaxzevria,Janssen - Ad26.COV 2-S,Moderna - Spikevax,Pfizer BioNTech - Comirnaty"
Qatar,Asia,363139,677,,0,0,0,0,Russian Federation,164655398,2,"SRCVB - EpiVacCorona, Gamaleya - Sputnik V"
Republic of Korea,,15979061,20352,,0,0,0,0,Rwanda,19864875,7,"Beijing CNBG - BBIBP-CorV,Gamaleya - Gam-Covid-Vac,Janssen - Ad26.COV 2-S,Moderna - Spikevax,Pfizer BioNTech - Comirnaty,SII - Covishield,Sinovac - CoronaVac"
Republic of Moldova,,516004,11477,,0,0,0,0,Saba,3156,0,SII - Covishield
Réunion,,360445,731,,0,0,0,0,Saint Helena,7892,1,AstraZeneca - AZD1222
Romania,Europe,2877544,65285,,0,0,0,0,Saint Kitts and Nevis,57949,3,"AstraZeneca - Vaxzevria,Pfizer BioNTech - Comirnaty,SII - Covishield"
Russia,Europe,18041927,372766,,0,0,0,0,Saint Lucia,119348,5,"AstraZeneca - Vaxzevria,Janssen - Ad26.COV 2-S,Moderna - Spikevax,Pfizer BioNTech - Comirnaty,SII - Covishield"
Rwanda,Africa,129760,1459,,0,0,0,0,Saint Vincent and the Grenadines,69895,5,"AstraZeneca - Vaxzevria,Gamaleya - Gam-Covid-Vac,Gamaleya - Sputnik-Light,Pfizer BioNTech - Comirnaty,SII - Covishield"
Saba,,495,0,,0,0,0,0,Samoa,304893,2,"AstraZeneca - Vaxzevria,Pfizer BioNTech - Comirnaty"
Saint Barthélemy,,4233,4,,0,0,0,0,San Marino,69164,2,"Gamaleya - Gam-Covid-Vac,Pfizer BioNTech - Comirnaty"
Saint Helena,,0,0,,0,0,0,0,Sao Tome and Principe,208657,2,"AstraZeneca - Vaxzevria,SII - Covishield"
Saint Kitts and Nevis,America,5554,43,,0,0,0,0,Saudi Arabia,63823469,4,"AstraZeneca - Vaxzevria,Janssen - Ad26.COV 2-S,Moderna - Spikevax,Pfizer BioNTech - Comirnaty"
Saint Lucia,America,23050,365,,0,0,0,0,Senegal,2496373,3,"Beijing CNBG - BBIBP-CorV,Janssen - Ad26.COV 2-S,SII - Covishield"
Saint Martin,,10129,44,,0,0,0,0,Serbia,6695589,5,"AstraZeneca - Vaxzevria,Beijing CNBG - BBIBP-CorV,Gamaleya - Gam-Covid-Vac,Moderna - Spikevax,Pfizer BioNTech - Comirnaty"
Saint Pierre and Miquelon,,2537,1,,0,0,0,0,Seychelles,199850,4,"Beijing CNBG - BBIBP-CorV,Gamaleya - Gam-Covid-Vac,Julphar - Hayat-Vax,SII - Covishield"
Saint Vincent and the Grenadines,America,8348,106,,0,0,0,0,Sierra Leone,2868978,2,"Beijing CNBG - BBIBP-CorV,SII - Covishield"
Samoa,,4092,9,,0,0,0,0,Singapore,13825593,4,"AstraZeneca - Vaxzevria,Beijing CNBG - BBIBP-CorV,Moderna - Spikevax,Pfizer BioNTech - Comirnaty"
San Marino,,15874,114,,0,0,0,0,Sint Eustatius,3110,0,SII - Covishield
Sao Tome and Principe,,5948,73,,0,0,0,0,Sint Maarten,62043,3,"AstraZeneca - Vaxzevria,Moderna - Spikevax,Pfizer BioNTech - Comirnaty"
Saudi Arabia,,752188,9062,,0,0,0,0,Slovakia,7060104,5,"AstraZeneca - Vaxzevria,Gamaleya - Gam-Covid-Vac,Janssen - Ad26.COV 2-S,Moderna - Spikevax,Pfizer BioNTech - Comirnaty"
Senegal,Africa,85954,1965,,0,0,0,0,Slovenia,2952581,4,"AstraZeneca - Vaxzevria,Janssen - Ad26.COV 2-S,Moderna - Spikevax,Pfizer BioNTech - Comirnaty"
Serbia,Europe,1992677,15906,,0,0,0,0,Solomon Islands,393415,4,"AstraZeneca - Vaxzevria,Beijing CNBG - BBIBP-CorV,Pfizer BioNTech - Comirnaty,SII - Covishield"
Seychelles,Africa,41379,163,,0,0,0,0,Somalia,2511394,4,"Beijing CNBG - BBIBP-CorV,Janssen - Ad26.COV 2-S,SII - Covishield,Sinovac - CoronaVac"
Sierra Leone,Africa,7677,125,,0,0,0,0,South Africa,33405701,2,"Janssen - Ad26.COV 2-S,Pfizer BioNTech - Comirnaty"
Singapore,Asia,1148656,1309,,0,0,0,0,South Sudan,645347,2,"Janssen - Ad26.COV 2-S,SII - Covishield"
Sint Eustatius,,886,5,,0,0,0,0,Spain,101041014,4,"AstraZeneca - Vaxzevria,Janssen - Ad26.COV 2-S,Moderna - Spikevax,Pfizer BioNTech - Comirnaty"
Sint Maarten,America,9873,86,,0,0,0,0,Sri Lanka,39365274,6,"AstraZeneca - Vaxzevria,Beijing CNBG - BBIBP-CorV,Gamaleya - Gam-Covid-Vac,Moderna - Spikevax,Pfizer BioNTech - Comirnaty,SII - Covishield"
Slovakia,Europe,1757117,19643,,0,0,0,0,Sudan,7037185,5,"Beijing CNBG - BBIBP-CorV,Janssen - Ad26.COV 2-S,Pfizer BioNTech - Comirnaty,SII - Covishield,Sinovac - CoronaVac"
Slovenia,Europe,992497,7509,,0,0,0,0,Suriname,553031,5,"AstraZeneca - Vaxzevria,Beijing CNBG - BBIBP-CorV,Moderna - Spikevax,Pfizer BioNTech - Comirnaty,SII - Covishield"
Solomon Islands,Oceania,12285,139,,0,0,0,0,Sweden,20714993,3,"AstraZeneca - Vaxzevria,Moderna - Spikevax,Pfizer BioNTech - Comirnaty"
Somalia,Africa,26471,1361,,0,0,0,0,Switzerland,16169128,3,"Janssen - Ad26.COV 2-S,Moderna - Spikevax,Pfizer BioNTech - Comirnaty"
South Africa,Africa,3735578,100132,,0,0,0,0,Syrian Arab Republic,3609370,6,"Beijing CNBG - BBIBP-CorV,Gamaleya - Gam-Covid-Vac,Gamaleya - Sputnik-Light,Janssen - Ad26.COV 2-S,SII - Covishield,Sinovac - CoronaVac"
South Sudan,Africa,17369,138,,0,0,0,0,Tajikistan,11532475,6,"AstraZeneca - Vaxzevria,Gamaleya - Gam-Covid-Vac,Moderna - Spikevax,Pfizer BioNTech - Comirnaty,SII - Covishield,Sinovac - CoronaVac"
Spain,Europe,11787004,104036,,0,0,0,0,Thailand,131009123,7,"AstraZeneca - Vaxzevria,Beijing CNBG - BBIBP-CorV,Janssen - Ad26.COV 2-S,Moderna - Spikevax,Pfizer BioNTech - Comirnaty,SII - Covishield,Sinovac - CoronaVac"
Sri Lanka,Asia,662748,16494,,0,0,0,0,The United Kingdom,141456685,3,"AstraZeneca - Vaxzevria,Moderna - Spikevax,Pfizer BioNTech - Comirnaty"
Sudan,Africa,62057,4929,,0,0,0,0,Timor-Leste,1417237,4,"AstraZeneca - Vaxzevria,Pfizer BioNTech - Comirnaty,SII - Covishield,Sinovac - CoronaVac"
Suriname,America,79276,1325,,0,0,0,0,Togo,2757575,1,SII - Covishield
Sweden,Europe,2491980,18506,,0,0,0,0,Tokelau,1936,1,Pfizer BioNTech - Comirnaty
Switzerland,Europe,3551798,13087,,0,0,0,0,Tonga,157483,2,"AstraZeneca - Vaxzevria,Pfizer BioNTech - Comirnaty"
Syrian Arab Republic,Asia,55756,3148,,0,0,0,0,Trinidad and Tobago,1549291,5,"AstraZeneca - Vaxzevria,Beijing CNBG - BBIBP-CorV,Janssen - Ad26.COV 2-S,Pfizer BioNTech - Comirnaty,SII - Covishield"
Tajikistan,Asia,17786,125,,0,0,0,0,Tunisia,13062036,7,"AstraZeneca - Vaxzevria,Beijing CNBG - BBIBP-CorV,Gamaleya - Gam-Covid-Vac,Janssen - Ad26.COV 2-S,Moderna - Spikevax,Pfizer BioNTech - Comirnaty,Sinovac - CoronaVac"
Thailand,Asia,3973003,26510,,0,0,0,0,Turkey,147211194,3,"Pfizer BioNTech - Comirnaty, Sinovac - CoronaVac, Turkovac"
Timor-Leste,Asia,22851,130,,0,0,0,0,Turkmenistan,7140000,6,"Anhui ZL - Zifivax,AstraZeneca - Vaxzevria,Beijing CNBG - BBIBP-CorV,Gamaleya - Gam-Covid-Vac,RIBSP - QazVac,SRCVB - EpiVacCorona"
Togo,Africa,36957,272,,0,0,0,0,Turks and Caicos Islands,68800,1,Pfizer BioNTech - Comirnaty
Tokelau,,0,0,,0,0,0,0,Tuvalu,12528,1,AstraZeneca - Vaxzevria
Tonga,,8761,11,,0,0,0,0,Uganda,19399787,5,"Janssen - Ad26.COV 2-S,Moderna - Spikevax,Pfizer BioNTech - Comirnaty,SII - Covishield,Sinovac - CoronaVac"
Trinidad and Tobago,America,140781,3787,,0,0,0,0,Ukraine,31668577,6,"AstraZeneca - Vaxzevria,Janssen - Ad26.COV 2-S,Moderna - Spikevax,Pfizer BioNTech - Comirnaty,SII - Covishield,Sinovac - CoronaVac"
Tunisia,Africa,1038668,28509,,0,0,0,0,United Arab Emirates,24628316,5,"AstraZeneca - Vaxzevria,Beijing CNBG - BBIBP-CorV,Gamaleya - Gam-Covid-Vac,Pfizer BioNTech - Comirnaty,SII - Covishield"
Turkey,Europe,14978031,98493,,0,0,0,0,United Republic of Tanzania,5031070,3,"Beijing CNBG - BBIBP-CorV,Janssen - Ad26.COV 2-S,Pfizer BioNTech - Comirnaty"
Turkmenistan,America,0,0,,0,0,0,0,United States of America,552480933,3,"Janssen - Ad26.COV 2-S,Moderna - Spikevax,Pfizer BioNTech - Comirnaty"
Turks and Caicos Islands,,5936,36,,0,0,0,0,Uruguay,8109917,3,"AstraZeneca - Vaxzevria,Pfizer BioNTech - Comirnaty,Sinovac - CoronaVac"
Tuvalu,,0,0,,0,0,0,0,Uzbekistan,46569941,7,"Anhui ZL - Zifivax,Gamaleya - Gam-Covid-Vac,Gamaleya - Sputnik-Light,Moderna - Spikevax,Pfizer BioNTech - Comirnaty,SII - Covishield,Sinovac - CoronaVac"
Uganda,Africa,163944,3597,,0,0,0,0,Vanuatu,242178,3,"AstraZeneca - Vaxzevria,Beijing CNBG - BBIBP-CorV,Janssen - Ad26.COV 2-S"
Ukraine,Europe,4990465,108220,,0,0,0,0,Venezuela (Bolivarian Republic of),37860994,6,"Beijing CNBG - BBIBP-CorV,CIGB - CIGB-66,Finlay - Soberana-02,Gamaleya - Gam-Covid-Vac,Gamaleya - Sputnik-Light,Sinovac - CoronaVac"
United Arab Emirates,Asia,894523,2302,,0,0,0,0,Viet Nam,208244568,6,"AstraZeneca - Vaxzevria,Beijing CNBG - BBIBP-CorV,CIGB - CIGB-66,Gamaleya - Gam-Covid-Vac,Moderna - Spikevax,Pfizer BioNTech - Comirnaty"
United Kingdom,Europe,21715120,171046,,0,0,0,0,Wallis and Futuna,16287,1,Moderna - Spikevax
United Republic of Tanzania,Africa,33851,803,,0,0,0,0,Yemen,814569,3,"Janssen - Ad26.COV 2-S,SII - Covishield,Sinovac - CoronaVac"
United States of America,America,79716960,979321,,0,0,0,0,Zambia,3383947,3,"Beijing CNBG - BBIBP-CorV,Janssen - Ad26.COV 2-S,SII - Covishield"
United States Virgin Islands,America,15836,111,,0,0,0,0,Zimbabwe,9518765,4,"Beijing CNBG - BBIBP-CorV,Bharat - Covaxin,Gamaleya - Gam-Covid-Vac,Sinovac - CoronaVac"
Uruguay,America,894630,7186,,0,0,0,0,,0,0,
Uzbekistan,Asia,238176,1637,,0,0,0,0,,0,0,
Vanuatu,Oceania,5543,6,,0,0,0,0,,0,0,
Venezuela (Bolivarian Republic of),America,521618,5697,,0,0,0,0,,0,0,
Vietnam,Asia,10297587,42878,,0,0,0,0,,0,0,
Wallis and Futuna,Oceania,454,7,,0,0,0,0,,0,0,
Yemen,Asia,11815,2147,,0,0,0,0,,0,0,
Zambia,Africa,317804,3968,,0,0,0,0,,0,0,
Zimbabwe,Africa,247160,5460,,0,0,0,0,,0,0,